mlbid,PitcherName
100001,PitcherA
100002,PitcherB
100003,LowRep
100004,LowRep2
100005,MidRepR
100006,MidRepL
100007,MidRepR2
100008,MidRepL2
100009,PitchL
100010,PitchR
430911,David Aardsma
472551,Fernando Abad
656061,Albert Abreu
110029,Bobby Abreu
547989,Jose Abreu
473234,Tony Abreu
435618,Jeremy Accardo
469686,Alfredo Aceves
642758,Domingo Acevedo
554429,Dustin Ackley
660670,Ronald Acuna
542436,Cristhian Adames
642715,Willy Adames
664856,Chance Adams
458691,David Adams
572669,Lane Adams
571431,Matt Adams
430606,Mike Adams
534947,Tim Adleman
501303,Ehire Adrianza
346793,Jeremy Affeldt
542583,Jesus Aguilar
605113,Nick Ahmed
656184,Brady Aiken
452027,Andrew Albers
458006,Matt Albers
645277,Ozhaino Albies
456379,Al Alburquerque
570489,Arismendy Alcantara
645261,Sandy Alcantara
518397,Scott Alexander
595751,Jorge Alfaro
546990,Anthony Alford
663465,Kolby Allard
592102,Cody Allen
656185,Greg Allen
501659,Abraham Almonte
501660,Zoilo Almonte
546991,Albert Almora
475174,Yonder Alonso
656186,Dan Altavilla
571437,Aaron Altherr
514888,Jose Altuve
506693,Henderson Alvarez
501625,Jose Alvarez
476883,Pedro Alvarez
665751,Yadier Alvarez
506560,Alexi Amarista
459932,Hector Ambriz
474463,Brett Anderson
457762,Bryan Anderson
605119,Brian Anderson
502624,Chase Anderson
594736,Cody Anderson
666120,Ian Anderson
502249,Lars Anderson
641313,Tim Anderson
542881,Tyler Anderson
435180,Robert Andino
542882,Matt Andriese
462101,Elvis Andrus
609280,Miquel Andujar
150449,Rick Ankiel
542883,Dean Anna
493114,Nori Aoki
571446,Mark Appel
502042,Chris Archer
606115,Orlando Arcia
542455,Oswaldo Arcia
571448,Nolan Arenado
450317,J.P. Arencibia
435078,Joaquin Arias
461766,Jose Arredondo
453562,Jake Arrieta
276520,Bronson Arroyo
624414,Christian Arroyo
605125,Cody Asche
594742,Alec Asher
641319,Carlos Asuaje
425786,Scott Atchison
425548,Garrett Atkins
518418,Phillippe Aumont
592122,Tyler Austin
542897,Xavier Avery
488671,Alex Avila
501593,Luis Avilan
449107,Mike Aviles
518420,Dylan Axelrod
446099,John Axford
425646,Luis Ayala
430947,Erick Aybar
488674,Burke Badenhop
595879,Javier Baez
520980,Pedro Baez
457732,Andrew Bailey
456701,Homer Bailey
425557,Jeff Baker
434633,John Baker
435044,Scott Baker
444446,Collin Balester
346797,Grant Balfour
607455,Anthony Banda
542908,Jett Bandy
544365,Manuel Banuelos
150148,Rod Barajas
453268,Daniel Bard
572703,Luke Bard
425549,Clint Barmes
605131,Austin Barnes
488681,Brandon Barnes
446381,Darwin Barney
592130,Danny Barnes
606930,Jacob Barnes
598264,Matt Barnes
488683,Scott Barnes
571466,Tucker Barnhart
607457,Kyle Barraclough
502578,Aaron Barrett
620439,Franklin Barreto
545332,Jake Barrett
430583,Jason Bartlett
435558,Daric Barton
542914,Anthony Bass
605135,Chris Bassitt
455374,Antonio Bastardo
110683,Miguel Batista
641343,Jake Bauers
545333,Trevor Bauer
430832,Jose Bautista
488689,Mike Baxter
424726,Jason Bay
545404,Brandon Beachy
518444,Blake Beavan
444447,Chad Beck
571476,Chris Beck
277417,Josh Beckett
493596,Gordon Beckham
542921,Tim Beckham
407853,Erik Bedard
592135,Cam Bedrosian
595881,Tyler Beede
542923,Dallas Beeler
279571,Matt Belisle
430613,Ronald Belisario
542924,Jeff Beliveau
518445,Chad Bell
425514,Heath Bell
641355,Cody Bellinger
605137,Josh Bell
502102,Duane Below
474832,Brandon Belt
134181,Adrian Beltre
136860,Carlos Beltran
643217,Andrew Benintendi
276542,Joaquin Benoit
501994,Joe Benson
548357,Christian Bergman
204020,Lance Berkman
465668,Roger Bernadina
621244,Jose Berrios
450641,Quintin Berry
476454,Dellin Betances
429783,Rafael Betancourt
435358,Yuniesky Betancourt
400140,Wilson Betemit
542194,Christian Bethancourt
518452,Chad Bettis
605141,Mookie Betts
607352,Joseph Biagini
488703,Jeff Bianchi
502212,Austin Bibens-Dirkx
451532,Chad Billingsley
595885,Gregory Bird
444448,Brian Bixler
621389,Ty Blach
453568,Charlie Blackmon
607185,Clayton Blackburn
448147,Nick Blackburn
621112,Paul Blackburn
429715,Travis Blackley
502195,Vic Black
594760,Aaron Blair
232694,Casey Blake
433217,Andres Blanco
453923,Gregor Blanco
111072,Henry Blanco
607468,Alex Blandino
452035,Kyle Blanks
430599,Joe Blanton
518466,Jabari Blash
542947,Richard Bleier
460283,Jerry Blevins
217100,Willie Bloomquist
453269,Brennan Boesch
593428,Xander Bogaerts
459939,Mitchell Boggs
460131,Brian Bogusevic
502211,Mike Bolsinger
425827,Jeremy Bonderman
466988,Emilio Bonifacio
593528,Jorge Bonifacio
474865,Julio Borbon
400268,J.C. Boscan
430652,Jason Bourgeois
488721,Peter Bourjos
571506,Justin Bour
456422,Michael Bourn
476601,Michael Bowden
621199,Matt Bowman
502202,Brad Boxberger
571510,Matt Boyd
430641,Blaine Boyer
542960,Brad Brach
611093,Silvino Bracho
460284,Dallas Braden
605151,Archie Bradley
656252,Bobby Bradley
598265,Jackie Bradley Jr.
150396,Milton Bradley
488726,Michael Brantley
542963,Rob Brantly
137140,Russell Branyan
643230,Steven Brault
460075,Ryan Braun
605154,John Brebbia
608324,Alex Bregman
444520,Craig Breslow
592169,Austin Brice
592170,Parker Bridwell
458582,Reid Brignac
621446,Lewis Brinson
593647,Socrates Brito
502154,Zach Britton
605156,Aaron Brooks
571521,Rex Brothers
518500,Andrew Brown
446135,Barret Browning
502126,Domonic Brown
518502,Gary Brown
623143,Trevor Brown
455009,Jonathan Broxton
542979,Keon Broxton
457803,Jay Bruce
595144,Jaycob Brugman
592178,Kris Bryant
571527,David Buchanan
453329,Clay Buchholz
488748,Ryan Buchter
407833,John Buck
621111,Walker Buehler
279824,Mark Buehrle
518516,Madison Bumgarner
605164,Dylan Bundy
542609,Enrique Burgos
457566,Greg Burke
150359,A.J. Burnett
488751,Alex Burnett
430634,Sean Burnett
542993,Billy Burns
150100,Pat Burrell
454537,Jared Burton
456713,Matt Bush
460077,Drew Butera
456714,Billy Butler
572750,Eddie Butler
542994,Joey Butler
621439,Byron Buxton
136263,Tim Byrdak
407781,Marlon Byrd
452678,Asdrubal Cabrera
465784,Everth Cabrera
606291,Mauricio Cabrera
466320,Melky Cabrera
408234,Miguel Cabrera
111851,Orlando Cabrera
502239,Trevor Cahill
456715,Lorenzo Cain
430912,Matt Cain
594777,Kole Calhoun
641432,Willie Calhoun
430948,Alberto Callaspo
622666,Johan Camargo
111904,Mike Cameron
491708,Arquimedes Caminero
542999,Tony Campana
493472,Eric Campbell
425861,Shawn Camp
600869,Jeimer Candelario
592192,Mark Canha
429664,Robinson Cano
408305,Jorge Cantu
444453,Russ Canzler
605169,Carter Capps
448165,Matt Capps
425626,Chris Capuano
502133,Adrian Cardenas
506924,Stephen Cardullo
446398,Andrew Carignan
433584,Roberto Hernandez
502165,Andrew Carpenter
112020,Chris Carpenter
452764,Chris Carpenter
502304,David Carpenter
518526,David Carpenter
572761,Matt Carpenter
543001,Ryan Carpenter
455077,Mike Carp
471911,Carlos Carrasco
425647,D.J. Carrasco
485567,Ezequiel Carrera
468528,Joel Carreno
425206,Jamey Carroll
518533,Robert Carson
474892,Chris Carter
592200,Curt Casali
488768,Andrew Cashner
458210,Alexi Casilla
433586,Santiago Casilla
445001,Bobby Cassevah
543008,Alex Castellanos
592206,Nick Castellanos
650895,Diego Castillo
622491,Luis Castillo
628329,Rusney Castillo
456078,Welington Castillo
488771,Jason Castro
612434,Miguel Castro
516770,Starlin Castro
595909,Jake Cave
594555,Garin Cecchini
608325,Gavin Cecchini
446399,Brett Cecil
430592,Ronny Cedeno
458584,Xavier Cedeno
465041,Francisco Cervelli
493316,Yoenis Cespedes
570666,Luis Cessa
468504,Jhoulys Chacin
605177,Andrew Chafin
518545,Adron Chambers
501955,Joba Chamberlain
547973,Aroldis Chapman
656305,Matt Chapman
608638,J.T. Chargois
543022,Tyler Chatwood
346795,Endy Chavez
136767,Eric Chavez
445926,Jesse Chavez
136600,Bruce Chen
612672,Wei-Yin Chen
455139,Robinson Chirinos
630023,Yonny Chirinos
502082,Lonnie Chisenhall
329092,Randy Choate
574831,Michael Choice
596847,Ji-Man Choi
425783,Shin-Soo Choo
425562,Vinnie Chulk
571561,Tony Cingrani
465674,Pedro Ciriaco
518553,Steve Cishek
663757,Trent Clark
592222,Alex Claudio
459943,Jeff Clement
518560,Paul Clemens
521055,Maikel Cleto
502182,Steve Clevenger
605182,Mike Clevinger
461325,Tyler Clippard
543031,Tyler Cloyd
605183,Jason Coats
502171,Alex Cobb
445193,Robert Coello
458085,Chris Coghlan
457435,Phil Coke
499624,Chris Colabello
595918,A.J. Cole
543037,Gerrit Cole
488786,Louis Coleman
525768,Tim Collins
607385,Tyler Collins
641470,Zack Collins
518567,Josh Collmenter
517008,Alex Colome
112526,Bartolo Colon
518568,Christian Colon
502125,Tyler Colvin
624424,Michael Conforto
474233,Hank Conger
543045,Adam Conley
468429,Jose Constanza
425747,Jose Contreras
575929,Willson Contreras
346871,Aaron Cook
475857,Ryan Cook
608641,Tim Cooney
476036,David Cooper
643265,Garrett Cooper
571578,Patrick Corbin
150188,Francisco Cordero
614173,Franchy Cordero
642707,Allen Cordoba
449786,Carlos Corporan
621043,Carlos Correa
429781,Kevin Correia
543054,Jarred Cosart
453068,Mike Costanzo
571584,Caleb Cotham
605194,Jharel Cotton
425840,Neal Cotts
543056,Daniel Coulombe
592229,Dylan Covey
592230,Kaleb Cowart
518577,Collin Cowgill
543059,Zack Cox
446359,Zack Cozart
501800,Allen Craig
430884,Jesse Crain
572788,Tyler Cravy
543063,Brandon Crawford
408307,Carl Crawford
457751,Evan Crawford
641487,J.P. Crawford
605195,Kyle Crick
424825,Coco Crisp
543068,C.J. Cron
518582,Casey Crosby
543070,Aaron Crow
460067,Trevor Crowe
458501,Luis Cruz
443558,Nelson Cruz
462480,Rhiner Cruz
488810,Tony Cruz
150212,Michael Cuddyer
456501,Johnny Cueto
518586,Charlie Culberson
592238,Brandon Cumpton
592239,Todd Cunningham
400091,Jack Cust
596144,Cheslor Cuthbert
621311,David Dahl
113028,Johnny Damon
433579,John Danks
458668,Jordan Danks
488818,Chase d'Arnaud
518595,Travis d'Arnaud
543083,James Darnell
506433,Yu Darvish
571602,Matt Davidson
434678,Kyle Davies
605200,Zachary Davies
448801,Chris Davis
150277,Doug Davis
477195,Ike Davis
501981,Khris Davis
434658,Rajai Davis
451584,Wade Davis
594795,Grant Dayton
457477,Alejandro De Aza
543094,Jaff Decker
465679,Samuel Deduno
518603,Justin De Fratus
594798,Jacob deGrom
430203,David DeJesus
474443,Ivan De Jesus
608328,Chase De Jong
657557,Paul DeJong
447755,Steve Delabar
451773,Dane de la Rosa
523989,Rubby de la Rosa
592254,Jose De Leon
517414,Randall Delgado
547170,Nick Delmonico
501745,Fautino De Los Santos
491688,Enerio Del Rosario
133225,Ryan Dempster
544925,Matt den Dekker
456121,Chris Denorfia
136660,Mark DeRosa
518614,Daniel Descalso
543101,Anthony DeSclafani
592261,Delino Deshields
435622,Ian Desmond
628333,Odrisamer Despaigne
446321,Ross Detwiler
606965,Christopher Devenski
646240,Rafael Devers
453301,Cole DeVries
455088,Blake Dewitt
539438,Scott Diamond
649557,Aledmys Diaz
621242,Edwin Diaz
553869,Elias Diaz
656371,Isan Diaz
545064,Jairo Diaz
501726,Juan Diaz
471822,Jumbo Diaz
429841,Matt Diaz
650490,Yandy Diaz
666783,Yusniel Diaz
543105,Alex Dickerson
447736,Chris Dickerson
572816,Corey Dickerson
285079,R.A. Dickey
505447,Brandon Dickson
518617,Jake Diekman
518618,Derek Dietrich
594694,Wilmer Difo
457422,Tim Dillard
543108,Andy Dirks
425785,Greg Dobbs
518625,Matt Dominguez
453228,Jason Donald
518626,Josh Donaldson
448281,Sean Doolittle
136734,Octavio Dotel
467094,Felix Doubront
425491,Ryan Doumit
445153,Darin Downs
453303,Matt Downs
275933,Scott Downs
572821,Brian Dozier
641531,Hunter Dozier
475138,Kyle Drabek
543118,Oliver Drake
136770,J.D. Drew
452220,Stephen Drew
592273,Brandon Drury
643289,Mauricio Dubon
407113,Justin Duchscherer
446263,Lucas Duda
488846,Brian Duensing
608648,Tyler Duffey
518633,Danny Duffy
622110,Matt Duffy
621453,Steven Duggar
435043,Zach Duke
623430,Ryan Dull
455167,Shelley Duncan
276055,Adam Dunn
445197,Mike Dunn
239795,Chad Durbin
594807,Adam Duvall
502481,Jarrod Dyson
473879,Sam Dyson
594809,Adam Eaton
275930,David Eckstein
572831,Josh Edgin
113744,Jim Edmonds
605218,Carl Edwards
621107,Zach Eflin
518649,Brett Eibner
595191,Jerad Eickhoff
455092,Scott Elbert
606273,Roenis Elias
454560,A.J. Ellis
407885,Mark Ellis
453056,Jacoby Ellsbury
518653,Jake Elmore
518655,John Ely
429665,Edwin Encarnacion
641553,Adam Engel
446264,Barry Enright
543135,Nathan Eovaldi
543136,Cody Eppley
572362,Robbie Erlin
444876,Alcides Escobar
500871,Eduardo Escobar
488862,Yunel Escobar
659262,Anderson Espinoza
457787,Danny Espinosa
608032,Carlos Estevez
462136,Marco Estrada
444843,Andre Ethier
458701,Luis Exposito
458252,Irving Falu
544727,Jeurys Familia
607188,Jacob Faria
571656,Buck Farmer
150035,Kyle Farnsworth
543144,Danny Farquhar
456544,Eric Farris
605227,Taylor Featherston
607200,Erick Fedde
543148,Tim Federowicz
444857,Scott Feldman
408230,Pedro Feliciano
593140,Michael Feliz
491703,Neftali Feliz
605228,Jose Fernandez
628336,Jose Miguel Fernandez
518674,Chuckie Fick
451661,Josh Fields
425902,Prince Fielder
502272,Casey Fien
571666,Mike Fiers
543155,Stephen Fife
408210,Chone Figgins
471896,Pedro Figueroa
605232,Brandon Finnegan
605233,Derek Fisher
450729,Doug Fister
656427,Jack Flaherty
475247,Ryan Flaherty
435520,Jesus Flores
570717,Ramon Flores
527038,Wilmer Flores
465753,Pedro Florimon
452095,Tyler Flowers
425856,Gavin Floyd
543169,Brian Flynn
592314,Mike Foltynewicz
521655,Wilmer Font
217915,Lew Ford
645801,Mike Ford
523253,Logan Forsythe
451594,Dexter Fowler
641583,Dustin Fowler
450204,Ben Francisco
407911,Frank Francisco
433585,Jeff Francis
425796,Jeff Francoeur
464433,Juan Francisco
596748,Maikel Franco
435623,Kevin Frandsen
545338,Nick Franklin
211041,Ryan Franklin
430630,Jason Frasor
624428,Adam Frazier
640449,Clint Frazier
453943,Todd Frazier
607536,Kyle Freeland
518692,Freddie Freeman
518693,Sam Freeman
501896,David Freese
516910,Carlos Frias
543184,Christian Friedrich
608331,Max Fried
457117,Ernesto Frieri
150118,Brian Fuentes
571681,Reymond Fuentes
493117,Kyuji Fujikawa
493120,Kosuke Fukudome
453539,Sam Fuld
608334,Carson Fulmer
605242,Michael Fulmer
518703,Charlie Furbush
279577,Rafael Furcal
451482,Armando Galarraga
451596,Yovani Gallardo
668678,Zac Gallen
608336,Joey Gallo
520471,Freddy Galvis
592325,Ben Gamel
451143,Mat Gamel
611177,Adonis Garcia
571685,Anthony Garcia
541645,Avisail Garcia
451600,Christian Garcia
150119,Freddy Garcia
594824,Greg Garcia
448802,Jaime Garcia
544725,Leury Garcia
472610,Luis Garcia
591994,Willy Garcia
554340,Yimi Garcia
458731,Brett Gardner
279782,Jon Garland
572863,Dustin Garneau
607237,Amir Garrett
641598,Mitch Garver
490063,Matt Garza
594828,Evan Gattis
429985,Chad Gaudin
592332,Kevin Gausman
543208,Sam Gaviglio
518715,Cory Gearrin
518716,Dillon Gee
544993,Steve Geltz
571697,Scooter Gennett
502226,Craig Gentry
595222,Michael Gerber
542674,Gonzalez Germen
460051,Chris Getz
114739,Jason Giambi
543213,Johnny Giavotella
502043,Kyle Gibson
571704,Ken Giles
543216,Conor Gillaspie
460269,Chris Gimenez
430591,Hector Gimenez
518725,Caleb Gindl
608337,Lucas Giolito
571710,Mychal Givens
607192,Tyler Glasnow
136267,Troy Glaus
606983,Koda Glover
453232,Graham Godfrey
643327,Zack Godley
595963,Tyler Goeddel
627894,Luiz Gohara
572365,Ryan Goins
502671,Paul Goldschmidt
430404,Jonny Gomes
543228,Yan Gomes
460576,Carlos Gomez
491646,Jeanmar Gomez
450855,Mauro Gomez
624427,Stephen Gonsalves
408236,Adrian Gonzalez
136460,Alex Gonzalez
471868,Alberto Gonzalez
471865,Carlos Gonzalez
592346,Alex Gonzalez
570481,Erik Gonzalez
461829,Gio Gonzalez
503556,Marwin Gonzalez
594835,Marco Gonzales
283166,Michael Gonzalez
456068,Miguel Gonzalez
646057,Miguel Gonzalez
605894,Severino Gonzalez
571718,Brian Goodwin
580792,Nick Goody
460086,Alex Gordon
543829,Dee Gordon
624503,Nick Gordon
605253,Terrance Gore
571719,Darin Gorski
452733,Tom Gorzelanny
543238,Anthony Gose
488912,Tuffy Gosewisch
605254,Daniel Gossett
594838,Phil Gosselin
666971,Lourdes Gurriel
493329,Yulieski Gurriel
434158,Curtis Granderson
518735,Yasmani Grandal
643335,Zack Granite
608665,Kendall Graveman
592351,Jon Gray
543243,Sonny Gray
643338,Chad Green
502205,Grant Green
572888,Shane Greene
488919,Taylor Green
460022,Tyler Greene
502381,Luke Gregerson
276514,Kevin Gregg
544369,Didi Gregorius
425844,Zack Greinke
545341,Randal Grichuk
456167,A.J. Griffin
276351,Jason Grilli
518748,Justin Grimm
666130,Jay Groome
543257,Robbie Grossman
607229,Robert Gsellman
648717,Alex Guerrero
457915,Javy Guerra
448855,Junior Guerra
407825,Matt Guerrier
605260,Taylor Guerrieri
115223,Vladimir Guerrero
136722,Carlos Guillen
115229,Jose Guillen
425386,Jeremy Guthrie
429711,Franklin Gutierrez
661269,Vladimir Gutierrez
446386,Brandon Guyer
461882,Jesus Guzman
448242,Tony Gwynn
576397,Jedd Gyorko
623352,Josh Hader
400098,Travis Hafner
444935,Nick Hagadone
534910,Jesse Hahn
150020,Jerry Hairston
430668,Scott Hairston
571735,David Hale
136880,Roy Halladay
407849,Bill Hall
430935,Cole Hamels
571740,Billy Hamilton
285078,Josh Hamilton
434628,Jason Hammel
543272,Brad Hand
571745,Mitch Haniger
452672,Ryan Hanigan
435219,Jack Hannahan
430629,Joel Hanrahan
641662,Alec Hansen
593700,Alen Hanson
462102,Tommy Hanson
664023,Ian Happ
457918,J.A. Happ
421685,Aaron Harang
425848,Rich Harden
429666,J.J. Hardy
429717,Dan Haren
547180,Bryce Harper
449173,Lucas Harrell
543281,Josh Harrison
457448,Matt Harrison
501789,Will Harris
430611,Corey Hart
640451,Hunter Harvey
518774,Matt Harvey
572910,Alex Hassan
501822,Chris Hatcher
458704,Reese Havens
115629,LaTroy Hawkins
425547,Brad Hawpe
669720,Austin Hays
571757,Jeremy Hazelbaker
452104,Chase Headley
592387,Ryon Healy
571760,Andrew Heaney
588751,Adeiny Hechavarria
595978,Austin Hedges
458550,Jeremy Hefner
502317,Chris Heisey
476451,Jeremy Hellickson
115732,Todd Helton
592390,Heath Hembree
449104,Jim Henderson
543294,Kyle Hendricks
521230,Liam Hendriks
454535,Clay Hensley
628338,Guillermo Heredia
514917,Cesar Hernandez
456696,David Hernandez
571771,Enrique Hernandez
433587,Felix Hernandez
491676,Gorkys Hernandez
115817,Livan Hernandez
434682,Luis Hernandez
150421,Ramon Hernandez
606192,Teoscar Hernandez
599096,Dilson Herrera
467070,Elian Herrera
468406,Jonathan Herrera
516969,Kelvin Herrera
546318,Odubel Herrera
543302,Chris Herrmann
452105,John Hester
518790,Chris Heston
518792,Jason Heyward
543305,Aaron Hicks
518794,Brandon Hicks
543308,John Hicks
657610,Trevor Hildenberger
431094,Aaron Hill
448179,Rich Hill
429718,Shawn Hill
518799,Steven Hill
648737,Dalier Hinojosa
400134,Eric Hinske
673633,Yoshihisa Hirano
460024,Luke Hochevar
543321,L.J. Hoes
656546,Jeff Hoffman
116034,Trevor Hoffman
592407,Bryan Holaday
502706,Derek Holland
518813,Greg Holland
407812,Matt Holliday
656550,Grant Holmes
571788,Brock Holt
641703,Brent Honeywell
543331,J.J. Hoover
456662,Jeremy Horst
656555,Rhys Hoskins
543333,Eric Hosmer
543334,T.J. House
429667,Ryan Howard
434442,J.P. Howell
592419,Jared Hoying
624586,James Hoyt
543339,Daniel Hudson
407861,Orlando Hudson
218596,Tim Hudson
333492,Aubrey Huff
453307,David Huff
453172,Jared Hughes
471863,Luke Hughes
461833,Phil Hughes
543343,Danny Hultzen
458950,Philip Humber
460026,Nick Hundley
116338,Torii Hunter
488984,Tommy Hunter
571800,Drew Hutchison
666561,Jae-Gyun Hwang
455104,Chris Iannetta
116380,Raul Ibanez
579799,Ryota Igarashi
578428,Jose Iglesias
628452,Raisel Iglesias
542255,Ender Inciarte
408299,Omar Infante
276346,Brandon Inge
448170,Travis Ishikawa
116414,Jason Isringhausen
547874,Hisashi Iwakuma
493127,Akinori Iwamura
430895,Maicer Izturis
656577,Alex Jackson
457706,Austin Jackson
571804,Brett Jackson
433582,Conor Jackson
429719,Edwin Jackson
474249,Ryan Jackson
408312,Mike Jacobs
457926,Paul Janish
608671,Travis Jankowski
445276,Kenley Jansen
445163,Casey Janssen
444379,John Jaso
445055,Jon Jay
502026,Jeremy Jeffress
554432,Chad Jenkins
408057,Bobby Jenks
543359,Dan Jennings
457775,Desmond Jennings
448178,Kevin Jepsen
116539,Derek Jeter
543362,A.J. Jimenez
650391,Eloy Jimenez
641729,Joe Jimenez
499864,Luis Jimenez
434622,Ubaldo Jimenez
598271,Brian Johnson
453400,Chris Johnson
430681,Dan Johnson
471107,Elliot Johnson
605304,Erik Johnson
462382,Jim Johnson
435178,Josh Johnson
430637,Kelly Johnson
608672,Micah Johnson
276376,Nick Johnson
407862,Reed Johnson
453531,Rob Johnson
489002,Steve Johnson
430945,Adam Jones
116662,Andruw Jones
116706,Chipper Jones
434540,Garrett Jones
663330,Jahmai Jones
571825,James Jones
592444,JaCoby Jones
518858,Nate Jones
624507,Ryder Jones
518863,Taylor Jordan
543376,Caleb Joseph
543377,Corban Joseph
571830,Tommy Joseph
459964,Matt Joyce
592450,Aaron Judge
543380,Taylor Jungmann
642558,Ariel Jurado
457453,Jair Jurrjens
451500,Kila Ka'aihue
592454,Tommy Kahnle
501888,Ryan Kalish
628356,Jung Ho Kang
621076,James Kaprielian
501992,Nate Karns
444371,Jeff Karstens
493128,Munenori Kawasaki
431148,Scott Kazmir
400290,Austin Kearns
605309,Keone Kela
656605,Mitch Keller
518875,Shawn Kelley
543391,Casey Kelly
608348,Carson Kelly
430603,Don Kelly
523260,Joe Kelly
547184,Michael Kelly
571841,Ty Kelly
461314,Matt Kemp
116974,Jason Kendall
435062,Howie Kendrick
452718,Kyle Kendrick
150456,Adam Kennedy
453178,Ian Kennedy
596146,Max Kepler
433898,Jeff Keppinger
477132,Clayton Kershaw
572971,Dallas Keuchel
595281,Kevin Kiermaier
518886,Craig Kimbrel
547957,Hyun Soo Kim
664068,Scott Kingery
448337,Josh Kinney
435079,Ian Kinsler
445213,Brandon Kintzler
543401,Jason Kipnis
457779,Michael Kirkman
623182,Patrick Kivlehan
446372,Corey Kluber
595284,Andrew Knapp
608349,Corey Knebel
543408,Tom Koehler
117244,Paul Konerko
502004,George Kontos
656629,Michael Kopech
445090,Bobby Korecky
425773,Casey Kotchman
117276,Mark Kotsay
435459,George Kottaras
450260,Kevin Kouzmanoff
518902,Pete Kozma
456124,Erik Kratz
430585,Jason Kubel
605323,Kyle Kubitza
641771,Chad Kuhl
425539,Hong-Chih Kuo
493133,Hiroki Kuroda
407793,John Lackey
502285,Tyler Ladendorf
444836,Aaron Laffey
501571,Juan Lagares
445933,Bryan LaHair
477186,Brandon Laird
408042,Gerald Laird
516809,Junior Lake
503351,Blake Lalli
571875,Jake Lamb
543424,John Lamb
518911,Andrew Lambo
659275,Dinelson Lamet
407798,Ryan Langerhans
458709,John Lannan
453181,Matt LaPorta
425560,Adam LaRoche
600303,Tommy La Stella
502009,Mat Latos
543432,Ryan Lavarnway
571882,Derek Law
543434,Brett Lawrie
434181,Brandon League
502190,Mike Leake
453281,Wade LeBlanc
600917,Jose Leclerc
459967,Sam LeCure
150324,Carlos Lee
424324,Cliff Lee
493193,Dae-Ho Lee
117601,Derrek Lee
643410,Mark Leiter
518934,DJ LeMahieu
608678,Dominic Leone
506702,Sandy Leon
460092,Chris Leroux
452657,Jon Lester
407890,Colby Lewis
430930,Fred Lewis
641786,Kyle Lewis
499926,Alex Liddi
400058,Brad Lidge
452121,Brent Lillibridge
150404,Ted Lilly
453311,Tim Lincecum
453184,Brad Lincoln
452252,Adam Lind
458676,Josh Lindblom
596019,Francisco Lindor
434637,Matt Lindstrom
434538,Francisco Liriano
542642,Rymer Liriano
594902,Ben Lively
446653,Jose Lobaton
543456,Kyle Lobstein
502046,Jeff Locke
434180,Kameron Loe
457429,Boone Logan
346798,Kyle Lohse
543459,Steve Lombardozzi
425766,James Loney
446334,Evan Longoria
150479,Felipe Lopez
425657,Javier Lopez
430946,Jose Lopez
625643,Reynaldo Lopez
446641,Wilton Lopez
547179,Michael Lorenzen
518953,David Lough
571901,Aaron Loup
117955,Derek Lowe
450275,Mark Lowe
476704,Jed Lowrie
518960,Jonathan Lucroy
407886,Ryan Ludwick
458537,Cory Luebke
476595,Lucas Luetge
607625,Seth Lugo
544371,Donal Lutz
518963,Zach Lutz
543475,Jordan Lyles
458681,Lance Lynn
407193,Brandon Lyon
544928,Tyler Lyons
553988,Dixon Machado
592518,Manny Machado
466948,Jean Machi
425492,Ryan Madson
628317,Kenta Maeda
641816,Tyler Mahle
430904,Paul Maholm
543484,Mikie Mahtook
430574,Mitch Maier
571912,Luke Maile
429720,John Maine
453186,Scott Maine
670867,Kevin Maitan
455117,Martin Maldonado
640455,Sean Manaea
641820,Trey Mancini
595307,Seth Maness
666169,Matt Manning
451788,Shaun Marcum
622534,Manuel Margot
545350,Jake Marisnick
455976,Nick Markakis
461791,Carlos Marmol
543488,Nick Maronde
608566,German Marquez
150302,Jason Marquis
571918,Deven Marrero
605359,Evan Marshall
445156,Sean Marshall
453974,Lou Marson
642564,Francis Martes
527043,Jefry Marte
606466,Ketel Marte
501687,Luis Marte
516782,Starling Marte
469690,Victor Marte
593372,Carlos Martinez
455119,Chris Martin
592533,Cody Martin
450852,Cristhian Martinez
494686,Fernando Martinez
502110,J.D. Martinez
500874,Jose Martinez
547982,Leonys Martin
446208,Luis Martinez
492841,Michael Martinez
607259,Nick Martinez
605361,Nick Martini
431145,Russell Martin
400121,Victor Martinez
434665,Nick Masset
475416,Justin Masterson
518991,Darin Mastroianni
622761,Jorge Mateo
458628,Joe Mather
425772,Jeff Mathis
664208,Phil Maton
493137,Daisuke Matsuzaka
425686,Hideki Matsui
430565,Kazuo Matsui
458919,Ryan Mattheus
451085,Brian Matusz
554431,Tyler Matzek
571927,Steven Matz
408045,Joe Mauer
543506,Brandon Maurer
622194,Bruce Maxwell III
452239,Justin Maxwell
460055,John Mayberry
457727,Cameron Maybin
446474,Edwin Maysonet
543507,Trevor May
608577,Nomar Mazara
502083,Zach McAllister
473724,Matt McBride
435263,Brian McCann
543510,James McCann
435221,Brandon McCarthy
449072,Kyle McClellan
501873,Mike McClendon
453454,Mike McCoy
621121,Lance McCullers
457705,Andrew McCutchen
150021,Darnell McDonald
457428,James McDonald
150348,John McDonald
459429,Jake McGee
431171,Casey McGehee
430661,Dustin McGowan
573027,Chris McGuiness
543521,Collin McHugh
502374,Michael McKenry
663474,Triston McKenzie
641856,Billy Mckinney
434661,Nate McLouth
641857,Ryan Mcmahon
519015,Kyle McPherson
640457,Austin Meadows
219194,Gil Meche
523265,Tommy Medica
658431,Adonis Medina
500721,Yoervis Medina
450665,Kris Medlen
457425,Evan Meek
606167,Adalberto Mejia
448171,Ernesto Mejia
642336,Francisco Mejia
516769,Jenrry Mejia
453343,Mark Melancon
622795,Yohander Mendez
434669,Luis Mendoza
596043,Daniel Mengden
474568,Jordy Mercer
462810,Jesus Merchan
593160,Whit Merrifield
444859,Melky Mesa
519023,Devin Mesoraco
543542,Alex Meyer
641871,Keynan Middleton
519025,Will Middlebrooks
467726,Jose Mijares
571945,Miles Mikolas
425446,Aaron Miles
489119,Wade Miley
453192,Andrew Miller
543543,Brad Miller
656744,Jared Miller
461848,Jim Miller
502522,Justin Miller
451186,Lastings Milledge
571946,Shelby Miller
621219,Alec Mills
502166,Brad Mills
119154,Kevin Millwood
543548,Tommy Milone
573668,Juan Minaya
501985,Mike Minor
621345,A.J. Minter
664641,Ariel Miranda
571951,Bryan Mitchell
543551,D.J. Mitchell
150040,Jose Molina
425877,Yadier Molina
660162,Yoan Moncada
609275,Raul Mondesi
666160,Mickey Moniak
593423,Francelis Montas
524968,Jesus Montero
471083,Miguel Montero
606160,Rafael Montero
656756,Jordan Montgomery
543557,Mike Montgomery
446192,Adam Moore
621058,Andrew Moore
519043,Matt Moore
445599,Scott Moore
489138,Tyler Moore
462985,Franklin Morales
434778,Kendrys Morales
206551,Melvin Mora
592567,Colin Moran
543569,Brent Morel
519048,Mitch Moreland
605388,Adam Morgan
460579,Nyjer Morgan
596049,Shawn Morimando
408047,Justin Morneau
621559,Max Moroff
457768,Bryan Morris
489149,Logan Morrison
453344,Brandon Morrow
434604,Michael Morse
450203,Charlie Morton
446861,Guillermo Moscoso
400291,Dustin Moseley
461235,Brandon Moss
150407,Guillermo Mota
435400,Jason Motte
600301,Taylor Motter
519058,Mike Moustakas
570615,Steven Moya
493247,Peter Moylan
465629,Edward Mujica
571970,Max Muncy
622168,Yairo Munoz
461815,David Murphy
502517,Daniel Murphy
571974,JR Murphy
608596,Tom Murphy
605397,Joe Musgrove
608589,Ronnier Mustelier
408206,Brett Myers
571976,Wil Myers
294558,Xavier Nady
493141,Hiroyuki Nakajima
435063,Mike Napoli
571980,Tyler Naquin
553882,Omar Narvaez
429780,Chris Narveson
150274,Joe Nathan
537953,Daniel Nava
425900,Dioner Navarro
519068,Efren Navarro
489166,Thomas Neal
502117,Kristopher Negron
455126,Chris Nelson
519076,Jimmy Nelson
593576,Hector Neris
450212,Pat Neshek
656794,Sean Newcomb
621028,Kevin Newman
504379,Juan Nicasio
435081,Mike Nickeas
592593,Justin Nicolino
435298,Jeff Niemann
477003,Jon Niese
543590,Kirk Nieuwenhuis
408242,Wil Nieves
607043,Brandon Nimmo
457292,Tsuyoshi Nishioka
434624,Jayson Nix
425556,Laynce Nix
456051,Hector Noesi
605400,Aaron Nola
445060,Ricky Nolasco
543594,Sean Nolin
467099,Jordan Norberto
502032,Bud Norris
596057,Daniel Norris
519083,Derek Norris
641924,Jacob Nottingham
467100,Ivan Nova
456488,Eduardo Nunez
573064,Vidal Nuno
519085,Brett Oberholtzer
598284,Peter O'Brien
503285,Darren O'Day
543606,Jake Odorizzi
596059,Rougned Odor
447714,Eric O'Flaherty
468396,Alexi Ogando
622217,Chris O'Grady
493200,Seung Hwan Oh
660271,Shohei Ohtani
595345,Steven Okert
119984,Darren Oliver
493343,Hector Olivera
500902,Lester Oliveros
400018,Miguel Olivo
621566,Matt Olson
592609,Mike Olt
502523,Shawn O'Malley
446185,Logan Ondrusek
641933,Tyler O'Neill
120044,Magglio Ordonez
449181,Paulo Orlando
434681,Pete Orr
542364,Rafael Ortega
120074,David Ortiz
656814,Luis Ortiz
591741,Jose Osuna
532077,Roberto Osuna
400061,Roy Oswalt
519096,Dan Otero
493603,Adam Ottavino
489189,Josh Outman
407489,Lyle Overbay
592614,Dillon Overton
434663,Juan Oviedo
596064,Henry Owens
572008,Chris Owings
452249,Micah Owings
542303,Marcell Ozuna
457574,Jordan Pacheco
218894,Vicente Padilla
434636,Angel Pagan
641941,Emilio Pagan
605412,Joe Panik
449097,Jonathan Papelbon
517370,Jimmy Paredes
666560,Byung-ho Park
453284,Blake Parker
519105,Jarrod Parker
592620,Jarrett Parker
592621,Kyle Parker
476633,Chris Parmelee
458730,Bobby Parnell
467827,Gerardo Parra
448159,Manny Parra
543629,Tyler Pastornicky
279913,Corey Patterson
461856,Troy Patton
456102,David Pauley
600944,David Paulino
609267,Dorssys Paulino
462956,Felipe Paulino
425661,Ronny Paulino
572019,Ben Paulsen
449082,Xavier Paul
134321,Carl Pavano
572020,James Paxton
572021,James Pazos
502748,Brad Peacock
456665,Steve Pearce
408241,Jake Peavy
592626,Joc Pederson
456030,Dustin Pedroia
451713,Carlos Peguero
501317,Francisco Peguero
460059,Mike Pelfrey
430910,Brayan Pena
150289,Carlos Pena
455369,Ramiro Pena
452254,Hunter Pence
460060,Cliff Pennington
207267,Brad Penny
444482,David Peralta
425509,Jhonny Peralta
407908,Joel Peralta
593974,Wandy Peralta
503449,Wily Peralta
606299,Jose Peraza
466412,Luis Perdomo
606131,Luis Perdomo
542208,Carlos Perez
453198,Chris Perez
666206,Delvin Perez
516811,Eury Perez
658530,Franklin Perez
541650,Hernan Perez
448722,Juan Perez
469802,Luis Perez
527048,Martin Perez
424144,Oliver Perez
547379,Roberto Perez
521692,Salvador Perez
554234,Williams Perez
573088,Cam Perkins
450282,Glen Perkins
502260,Vinnie Pestano
519128,Bryan Petersen
596071,Dillon Peters
592637,D.J. Peterson
607054,Jace Peterson
451089,Shane Peterson
463610,Gregorio Petit
433589,Yusmeiro Petit
502593,Jake Petricka
120485,Andy Pettitte
543643,Jonathan Pettibone
502054,Tommy Pham
572033,Josh Phegley
543647,Cord Phelps
475479,David Phelps
408252,Brandon Phillips
621433,Brett Phillips
464426,Denis Phipps
429712,Felix Pie
334393,Juan Pierre
150229,A.J. Pierzynski
607680,Kevin Pillar
489209,Brett Pill
444489,Manny Pina
640461,Chad Pinder
501381,Michael Pineda
334492,Joel Pineiro
500887,Josmil Pinto
666207,Riley Pint
517369,Jose Pirela
572039,Stephen Piscotty
601713,Nick Pivetta
608700,Kevin Plawecki
461858,Trevor Plouffe
325392,Scott Podsednik
570256,Gregory Polanco
593871,Jorge Polanco
135784,Placido Polanco
572041,A.J. Pollock
519141,Drew Pomeranz
456421,Stuart Pomeranz
592647,Dalton Pompey
519144,Rick Porcello
120691,Jorge Posada
457763,Buster Posey
572044,Brooks Pounders
621471,Boog Powell
445988,Martin Prado
502100,Alex Presley
519151,Ryan Pressly
456034,David Price
445095,Jason Pridie
572389,Josh Prince
595777,Jurickson Profar
643493,Austin Pruitt
543668,Stephen Pryor
624577,Yasiel Puig
405395,Albert Pujols
640462,A.J. Puk
346857,Nick Punto
474029,Zach Putnam
407816,J.J. Putz
534812,Kevin Quackenbush
430589,Chad Qualls
615698,Cal Quantrill
435041,Carlos Quentin
596451,Roman Quinn
279827,Humberto Quintero
500779,Jose Quintana
435560,Omar Quintanilla
430605,Ryan Raburn
493351,Alexei Ramirez
133380,Aramis Ramirez
468517,Elvin Ramirez
541640,Erasmo Ramirez
434670,Hanley Ramirez
500724,JC Ramirez
608070,Jose Ramirez
542432,Jose Ramirez
120903,Manny Ramirez
519166,Neil Ramirez
430673,Ramon Ramirez
573109,A.J. Ramos
459987,Cesar Ramos
591693,Edubray Ramos
467092,Wilson Ramos
449060,Clay Rapada
458675,Colby Rasmus
474284,Cory Rasmus
400010,Jon Rauch
502028,Adam Ravenelle
502051,Josh Ravin
572193,Corey Ray
592662,Robbie Ray
607067,Colin Rea
592663,J.T. Realmuto
489232,Anthony Recker
502210,Josh Reddick
445170,Todd Redmond
592665,Addison Reed
607223,A.J. Reed
642003,Cody Reed
605439,Michael Reed
608701,Rob Refsnyder
656887,Sean Reid-Foley
460099,Nolan Reimold
543685,Anthony Rendon
592669,Hunter Renfroe
434592,Chris Resop
519184,Ben Revere
621052,Alex Reyes
408314,Jose Reyes
448602,Mark Reynolds
519186,Matt Reynolds
608703,Matt Reynolds
121125,Arthur Rhodes
489242,Will Rhymes
453385,Clayton Richard
572070,Garrett Richards
446341,Scott Richmond
572073,Joey Rickard
595375,JT Riddle
516589,Andre Rienzo
663586,Austin Riley
425567,Alex Rios
553878,Felipe Rivero
407487,Juan Rivera
121250,Mariano Rivera
425784,Rene Rivera
608061,T.J. Rivera
519203,Anthony Rizzo
543699,Tanner Roark
406878,Brian Roberts
502085,David Robertson
621002,Daniel Robertson
440251,Ryan Roberts
502356,Tyler Robertson
519208,Clint Robinson
592685,Drew Robinson
453203,Shane Robinson
477054,Trayvon Robinson
570663,Hansel Robles
645302,Victor Robles
663898,Brendan Rodgers
407845,Fernando Rodney
607074,Carlos Rodon
121347,Alex Rodriguez
444553,Aneury Rodriguez
593958,Eduardo Rodriguez
451775,Fernando Rodriguez
408061,Francisco Rodriguez
469159,Henry Rodriguez
514719,Henry Rodriguez
121358,Ivan Rodriguez
446481,Sean Rodriguez
572089,Paco Rodriguez
434643,Wandy Rodriguez
469134,Esmil Rogers
595386,Jason Rogers
449161,Mark Rogers
573124,Taylor Rogers
500743,Miguel Rojas
121409,Scott Rolen
276519,Jimmy Rollins
607219,Sal Romano
460069,Ricky Romero
552662,Stefen Romero
461865,Andrew Romine
519222,Austin Romine
489265,Sergio Romo
541652,Bruce Rondon
444468,Hector Rondon
407822,Jorge de la Rosa
489267,Adam Rosales
642708,Amed Rosario
592696,Eddie Rosario
501647,Wilin Rosario
572095,Danny Rosenbaum
572096,Trevor Rosenthal
425496,Cody Ross
424325,David Ross
605452,Joe Ross
543726,Robbie Ross
475115,Tyson Ross
400023,Aaron Rowand
434884,Ryan Rowland-Smith
607387,Ryan Rua
573131,Darin Ruf
448605,Justin Ruggiano
434563,Carlos Ruiz
547004,Rio Ruiz
502130,Dan Runzler
519237,Cameron Rupp
543734,Chris Rusin
608365,Addison Russell
460701,James Russell
666164,Blake Rutherford
592710,Josh Rutledge
453895,Brendan Ryan
547943,Hyun-Jin Ryu
519240,Marc Rzepczynski
282332,CC Sabathia
493416,Takashi Saito
573135,Tyler Saladino
477569,Fernando Salas
517593,Danny Salazar
519242,Chris Sale
457454,Jarrod Saltalamacchia
502188,Jeff Samardzija
502253,Alex Sanabia
592717,Aaron Sanchez
434671,Anibal Sanchez
570560,Yolmer Sanchez
500674,Eduardo Sanchez
408108,Freddy Sanchez
459991,Gaby Sanchez
596142,Gary Sanchez
516949,Hector Sanchez
456043,Jonathan Sanchez
506997,Tony Sanchez
467055,Pablo Sandoval
543742,Jerry Sands
593934,Miguel Sano
467793,Carlos Santana
542454,Danny Santana
570267,Domingo Santana
429722,Ervin Santana
276371,Johan Santana
502327,Hector Santiago
421124,Ramon Santiago
435045,Sergio Santos
543743,Dave Sappelt
596143,Luis Sardinas
543744,Josh Satin
434578,Joe Saunders
459431,Michael Saunders
599683,Warwick Saupold
457788,Jordan Schafer
502582,Logan Schafer
594988,Scott Schebler
489294,Tanner Scheppers
453286,Max Scherzer
435625,Nate Schierholtz
572114,Ryan Schimpf
570731,Jonathan Schoop
435401,Skip Schumaker
656941,Kyle Schwarber
452737,Chris Schwinden
432928,Luke Scott
519267,Evan Scribner
340192,Marco Scutaro
608369,Corey Seager
572122,Kyle Seager
516416,Jean Segura
543760,Marcus Semien
622608,Antonio Senzatela
669222,Nick Senzel
622663,Luis Severino
600474,Pedro Severino
623149,Paul Sewald
594992,Kevin Shackelford
572128,Richie Shaffer
543766,Bryan Shaw
543768,Travis Shaw
282656,Ben Sheets
656954,Justus Sheffield
642073,Jimmie Sherfy
430941,George Sherrill
448306,James Shields
640463,Braden Shipley
533167,Matt Shoemaker
431159,Kelly Shoppach
592741,Chasen Shreve
543776,J.B. Shuck
543779,Kevin Siegrist
642423,Magnueris Sierra
501213,Moises Sierra
400067,Carlos Silva
592743,Andrelton Simmons
623406,Shae Simmons
430580,Alfredo Simon
572138,Jon Singleton
448609,Tony Sipp
642082,Chance Sisco
429713,Grady Sizemore
502003,Scott Sizemore
572140,Tyler Skaggs
543788,Kyle Skipworth
607215,Eric Skoglund
596103,Austin Slater
642083,Aaron Slegers
458713,Kevin Slowey
605476,Carson Smith
592761,Caleb Smith
642086,Dominic Smith
501925,Joe Smith
607345,Kevan Smith
605480,Mallex Smith
452234,Seth Smith
519293,Will Smith
475253,Justin Smoak
519294,Josh Smoker
519295,Jake Smolinski
592767,Drew Smyly
605483,Blake Snell
430636,Ian Snell
501983,Travis Snider
474319,Brandon Snyder
430965,Chris Snyder
519299,Eric Sogard
456781,Donovan Solano
500208,Yangervis Solarte
624585,Jorge Soler
455378,Ali Solis
519301,Sammy Solis
150093,Alfonso Soriano
465657,Joakim Soria
400089,Rafael Soriano
647336,Mike Soroka
434567,Geovany Soto
665742,Juan Soto
519306,Steven Souza
452655,Denard Span
605486,Cory Spangenberg
448676,Ryan Spilborghs
543807,George Springer
489334,Craig Stammen
519317,Giancarlo Stanton
605490,Bubba Starling
595426,Brock Stassi
545358,Max Stassi
431162,Tim Stauffer
608716,Drew Steckenrider
596112,Robert Stephenson
592779,Brock Stewart
455755,Chris Stewart
456655,Ian Stewart
640464,Kohl Stewart
502139,Josh Stinson
519322,Drew Storen
493547,Mickey Storey
596115,Trevor Story
621381,Matt Strahm
573185,Dan Straily
544931,Stephen Strasburg
608717,Chris Stratton
434718,Huston Street
519326,Hunter Strickland
548389,Ross Stripling
573186,Marcus Stroman
467008,Pedro Strop
452741,Michael Stutes
453211,Drew Stubbs
445590,Eric Stults
553993,Eugenio Suarez
491696,Jesus Sucre
572180,Andrew Susac
608718,Brent Suter
400085,Ichiro Suzuki
435559,Kurt Suzuki
621020,Dansby Swanson
461872,Anthony Swarzak
572182,Darnell Sweeney
435220,Ryan Sweeney
596119,Blake Swihart
449881,R.J. Swindle
430897,Nick Swisher
592789,Noah Syndergaard
663378,Thomas Szapucki
519333,Matt Szczur
467798,Jose Tabata
592791,Jameson Taillon
538227,Hisanori Takahashi
452676,Mitch Talbot
547888,Masahiro Tanaka
606132,Raimel Tapia
622253,Dillon Tate
599899,Yoshinori Tateyama
665750,Leody Taveras
570805,Oscar Taveras
476531,Andrew Taylor
621035,Chris Taylor
572191,Michael Taylor
547749,Junichi Tazawa
460003,Taylor Teagarden
433597,Mark Teahen
527054,Julio Teheran
407893,Mark Teixeira
123173,Miguel Tejada
514913,Ruben Tejada
660731,Anderson Tejeda
493574,Blake Tekotte
542513,Tomas Telis
642133,Rowdy Tellez
572193,Ryan Tepera
519344,Nick Tepesch
519346,Eric Thames
491159,Joe Thatcher
445612,Dale Thayer
444135,Ryan Theriot
489365,Josh Thole
476206,Justin Thomas
123272,Jim Thome
622097,Jake Thompson
572204,Trayce Thompson
407819,Matt Thornton
592804,Tyler Thornburg
501957,Chris Tillman
605508,Charlie Tilson
592808,Andrew Toles
474521,Shawn Tolleson
476270,Steve Tolleson
630111,Yasmany Tomas
458708,Josh Tomlin
605509,Kelby Tomlinson
456776,Alex Torres
400083,Andres Torres
448614,Carlos Torres
650402,Gleyber Torres
600526,Jose Torres
620443,Luis Torrens
591720,Ronald Torreyes
150275,Yorvit Torrealba
541600,Wilfredo Tovar
429710,Chad Tracy
581527,Devon Travis
607752,Sam Travis
595014,Blake Treinen
592811,Andrew Triggs
508892,Carlos Triunfel
545361,Mike Trout
444432,Mark Trumbo
663656,Kyle Tucker
605512,Preston Tucker
453064,Troy Tulowitzki
605513,Spencer Turnbull
545363,Jacob Turner
457759,Justin Turner
607208,Trea Turner
493157,Koji Uehara
462564,Dan Uggla
425834,Melvin Upton Jr.
457708,Justin Upton
570632,Jose Urena
628711,Julio Urias
649966,Luis Urias
346874,Juan Uribe
625329,Henry Urrutia
570482,Giovanny Urshela
400284,Chase Utley
642162,Pat Valaika
472528,Luis Valbuena
451990,Jose Valdez
518170,Jordany Valdespin
447744,Raul Valdes
407832,Wilson Valdez
502143,Danny Valencia
407878,Jose Valverde
462995,Rick VandenHurk
475100,Scott Van Slyke
570714,Cesar Vargas
450306,Jason Vargas
573627,Kennys Vargas
460008,Anthony Varvaro
458220,Esmerling Vasquez
543877,Christian Vazquez
134320,Javier Vazquez
592826,Vincent Velasquez
461416,Will Venable
458924,Jonny Venters
570649,Yordano Ventura
407842,Jose Veras
594902,Alex Verdugo
434378,Justin Verlander
548337,Logan Verrett
493364,Dayan Viciedo
425664,Shane Victorino
500903,Brayan Villarreal
453646,Carlos Villanueva
542340,Jonathan Villar
543883,Nick Vincent
519388,Josh Vitters
527055,Arodys Vizcaino
123744,Omar Vizquel
596129,Dan Vogelbach
285064,Ryan Vogelsong
519390,Stephen Vogt
572228,Luke Voit
450172,Edinson Volquez
458690,Chris Volstad
458015,Joey Votto
608379,Michael Wacha
493159,Tsuyoshi Wada
460677,Cory Wade
642180,Tyler Wade
123790,Billy Wagner
425794,Adam Wainwright
477229,Jordan Walden
448252,Kyle Waldrop
572233,Christian Walker
435522,Neil Walker
592836,Taijuan Walker
477165,Brett Wallace
657088,Forrest Wall
476205,Josh Wall
595023,Colin Walsh
502208,P.J. Walters
595025,Zach Walters
425426,Chien-Ming Wang
476589,Adam Warren
453265,Tony Watson
450308,Jered Weaver
596133,Luke Weaver
425630,Brandon Webb
543900,Daniel Webb
444436,Ryan Webb
543903,Allen Webster
457789,Jemile Weeks
430001,Rickie Weeks
475095,Kyle Weiland
489413,Casper Wells
448694,Randy Wells
150484,Vernon Wells
621563,Joey Wendle
150029,Jayson Werth
150414,Jake Westbrook
572253,Ryan Wheeler
554430,Zack Wheeler
502229,Alex White
643603,Tyler White
595032,Chase Whitley
666215,Forrest Whitley
543921,Joe Wieland
446308,Matt Wieters
421064,Ty Wigginton
452666,Tom Wilhelmsen
658792,Aaron Wilkerson
425883,Dontrelle Willis
425532,Jerome Williams
425545,Josh Willingham
592863,Mason Williams
607776,Mac Williamson
608384,Nick Williams
592866,Trevor Williams
543935,Alex Wilson
435064,Bobby Wilson
451216,Brian Wilson
450351,C.J. Wilson
458677,Justin Wilson
608385,Jesse Winker
276547,DeWayne Wise
605538,Matthew Wisler
592879,Asher Wojciechowski
150116,Randy Wolf
547172,Tony Wolters
543939,Kolten Wong
622072,Alex Wood
502028,Blake Wood
457420,Brandon Wood
134268,Kerry Wood
605540,Brandon Woodruff
445971,Tim Wood
475243,Travis Wood
519443,Brandon Workman
474699,Vance Worley
519445,Danny Worth
431151,David Wright
124604,Jamey Wright
605541,Mike Wright
453214,Steven Wright
449079,Wesley Wright
642232,Ryan Yarbrough
489446,Kirby Yates
592885,Christian Yelich
593679,Gabriel Ynoa
425903,Kevin Youkilis
432934,Chris Young
455759,Chris Young
430321,Delmon Young
457568,Matt Young
276545,Michael Young
407296,Carlos Zambrano
446899,Brad Ziegler
605548,Bradley Zimmer
519455,Jordan Zimmermann
622092,Kyle Zimmer
475582,Ryan Zimmerman
217096,Barry Zito
450314,Ben Zobrist
572287,Mike Zunino
543964,Tony Zych
570240,Felix Pena
592091,A.J. Achter
571963,A.J. Morris
519263,A.J. Schugel
607481,Aaron Bummer
488811,Aaron Cunningham
519145,Aaron Poreda
457744,Aaron Thompson
593582,Abel De Los Santos
592473,Adam Kolarek
571893,Adam Liberatore
429400,Adam Loewen
607030,Adam McCreery
592644,Adam Plutko
608724,Adam Walker
573244,Adam Wilk
640470,Adbert Alzolay
605288,Adrian Houser
543589,Adrian Nieto
592716,Adrian Sampson
506703,Adrian Sanchez
592570,Akeel Morris
641427,Alan Busenitz
544150,Albert Suarez
501227,Alberto Cabrera
451705,Alberto Rosario
610143,Alberto Tirado
591701,Alejandro Chacin
621355,Alex Katz
622270,Alex Mejia
657077,Alex Verdugo
592872,Alex Wimmers
451628,Alfredo Figaro
554054,Alfredo Gonzalez
501245,Alfredo Marte
488852,Allan Dykstra
600921,Andres Machado
545331,Andrew Aplin
571479,Andrew Bellatti
647188,Andrew Case
643294,Andrew Edwards
605226,Andrew Faulkner
552640,Andrew Kittredge
605374,Andrew McKirahan
664057,Andrew Stevenson
605498,Andrew Suarez
599819,Andrew Werner
524349,Andury Acevedo
542992,Andy Burns
451188,Andy LaRoche
429708,Andy Marte
501989,Andy Oliver
519107,Andy Parrino
519421,Andy Wilkins
606477,Aneury Tavarez
502162,Angel Castro
553970,Angel Nesbitt
605795,Angel Sanchez
519168,Anthony Ranaudo
623993,Anthony Santander
460322,Antoan Richardson
642667,Anyelo Gomez
455376,Arcenio Leon
554374,Ariel Hernandez
516414,Ariel Pena
606157,Aristides Aquino
633831,Armando Rivero
504186,Arnold Leon
592499,Artie Lewicki
572208,Ashur Tolliver
542233,Audry Perez
542866,Austin Adams
613534,Austin Adams
596295,Austin Gomber
545348,Austin Maddox
543592,Austin Nola
664197,Austin Orewiler
592697,Austin Ross
608723,Austin Voth
642851,Austin Wynns
543725,B.J. Rosenberg
592120,Barrett Astin
621294,Ben Heller
594985,Ben Rowen
664701,Ben Taylor
435538,Bill Bray
434438,Billy Buckner
641856,Billy McKinney
543278,Blaine Hardy
607962,Blake McFarland
544930,Blake Smith
664167,Blake Trahan
544759,Bo Schultz
489039,Bobby LaFromboise
592833,Bobby Wahl
543223,Brad Glenn
643329,Brad Goldberg
641745,Brad Keller
430957,Brad Snyder
623364,Brad Wieck
543266,Bradin Hagens
607170,Brady Dragmire
572086,Brady Rodgers
572038,Branden Pinder
450315,Brandon Allen
572702,Brandon Bantz
592165,Brandon Brennan
594792,Brandon Cunniff
460156,Brandon Gomes
657658,Braxton Lee
670283,Brayden Bouchey
430593,Brendan Harris
594762,Brett Bochy
448276,Brett Carroll
605255,Brett Graves
451109,Brett Hayes
543493,Brett Marshall
656685,Brett Martin
592592,Brett Nicholas
591971,Breyvic Valera
623395,Brian Ellington
489295,Brian Schlitter
453857,Brock Peterson
453156,Brooks Brown
462405,Brooks Conrad
548384,Brooks Raley
501852,Bruce Billings
622194,Bruce Maxwell
458669,Bryan Price
518490,Bryce Brentz
571473,Buddy Baumann
542953,Buddy Boshers
572143,Burch Smith
666560,Byung Ho Park
547348,C.C. Lee
518674,C.J. Fick
592677,C.J. Riefenhauser
573204,Caleb Thielbar
595956,Cam Gallagher
573088,Cameron Perkins
605218,Carl Edwards Jr.
542266,Carlos Contreras
519037,Carlos Moncrief
570702,Carlos Ramirez
491640,Carlos Rivero
570560,Carlos Sanchez
624636,Carlos Tocci
542942,Carson Blair
488787,Casey Coleman
656459,Casey Gillaspie
596271,Casey Lawrence
594987,Casey Sadler
624415,Cavan Biggio
501986,Cedric Hunter
501627,Cesar Cabral
285131,Cesar Izturis
462945,Cesar Jimenez
527049,Cesar Puello
491624,Cesar Valdez
643325,Chad Girodo
502151,Chad Huffman
605477,Chad Smith
595453,Chad Wallach
592704,Chance Ruffin
605469,Chandler Shepherd
502033,Charles Brewer
489056,Charlie Leesman
592438,Chase Johnson
656965,Chase Simpson
607473,Chasen Bradford
475054,Chaz Roe
521428,Che-Hsuan Lin
592346,Chi Chi Gonzalez
547568,Chia-Jen Lo
629496,Chih-Wei Hu
425835,Chin-hui Tsao
408052,Chris Bootcheck
607471,Chris Bostick
606965,Chris Devenski
458689,Chris Dominguez
543125,Chris Dwyer
623167,Chris Flexen
518854,Chris Jones
595296,Chris Lee
502029,Chris Marrero
657253,Chris Rabago
595371,Chris Rearick
607068,Chris Reed
635903,Chris Rowley
434672,Chris Smith
627262,Chris Smith
453362,Chris Valaika
519437,Chris Withrow
570799,Christian Villanueva
672335,Cionel Perez
605280,Clay Holmes
489150,Clayton Mortensen
460004,Clete Thomas
572804,Cody Decker
643297,Cody Ege
595235,Cody Hall
285068,Cody Ransom
592774,Cody Stanley
502676,Cole Figueroa
502261,Cole Gillespie
518833,Colt Hynes
605155,Colten Brewer
605396,Colton Murray
641632,Conner Greene
592712,Connor Sadzeck
571969,Conor Mullee
446395,Corey Brown
621261,Corey Oswalt
280061,Corky Miller
451132,Cory Burns
543508,Cory Mazzoni
489197,Curtis Partch
592769,D.J. Snelten
571911,Damien Magnifico
576788,Dan Butler
592753,Dan Slania
445968,Dana Eveland
451773,Dane De La Rosa
614171,Daniel Bravo
658135,Daniel Carbonell
593495,Daniel Castro
542289,Daniel Corcino
571665,Daniel Fields
445216,Daniel McCutchen
594953,Daniel Palka
543706,Daniel Robertson
519259,Daniel Schlereth
458094,Daniel Stange
621385,Daniel Stumpf
595465,Daniel Winkler
642229,Daniel Wright
592181,Danny Burawa
457760,Danny Dorn
643376,Danny Jansen
594940,Danny Muno
543611,Danny Ortiz
572066,Danny Reynolds
645848,Dariel Alvarez
642607,Dario Agrazal
516714,Dario Alvarez
571553,Darrell Ceciliani
623520,David Bote
571679,David Freitas
592341,David Goforth
605276,David Hess
571787,David Holmberg
451075,David Martinez
453515,David Purcey
543716,David Rollins
572241,David Washington
608475,Dawel Lugo
500765,Dayan Diaz
657209,Dean Deetz
518883,Dean Kiekhefer
592547,Deck McGuire
592261,Delino DeShields
642701,Dennis Santana
500610,Deolis Guerra
642524,Derian Gonzalez
501961,Derrick Robinson
543329,Destin Hood
445177,Deunte Heath
661281,Dian Toscano
514981,Diego Moreno
608650,Dietrich Enns
596027,Dillon Maples
593334,Domingo German
642736,Domingo Leyba
544371,Donald Lutz
543698,Donn Roach
643354,Donnie Hart
548348,Donnie Joseph
430906,Donnie Murphy
453264,Donnie Veal
518764,Donovan Hand
448674,Doug Bernier
596720,Dovydas Neverauskas
518493,Drake Britton
623454,Drew Anderson
502165,Drew Carpenter
502457,Drew Hayes
607968,Drew Rucinski
572403,Drew VerHagen
621249,Duane Underwood Jr.
444992,Duke Welker
542884,Dustin Antolin
451783,Dustin Molleken
543038,Dusty Coleman
596105,Dwight Smith Jr.
621173,Dylan Baker
622226,Dylan Cozens
571670,Dylan Floro
446225,Ed Easley
448296,Ed Lucas
543195,Eddie Gamboa
453256,Eddy Rodriguez
429440,Edgar Gonzalez
500891,Edgar Ibarra
543607,Edgar Olmos
650828,Edgar Santana
467850,Edgmer Escalona
624641,Edmundo Sosa
621592,Eduardo Jimenez
622161,Eduardo Paredes
542369,Edwar Cabrera
487675,Edward Paredes
546276,Edwin Escobar
622694,Elieser Hernandez
608421,Eliezer Alvarez
554239,Elmer Reyes
622556,Elniery Garcia
542587,Elvis Araujo
502034,Emmanuel Burriss
520976,Engel Beltre
622713,Engelb Vielma
544836,Enny Romero
543174,Eric Fornataro
518700,Eric Fryer
606992,Eric Haase
518852,Eric Jokisch
608715,Eric Stamets
657770,Eric Stout
474668,Eric Surkamp
458913,Eric Young Jr.
449170,Erik Cordier
458530,Erik Davis
592340,Erik Goeddel
518900,Erik Komatsu
628326,Erisbel Arruebarrena
620145,Estarlin Arias
543495,Ethan Martin
545001,Eury De La Rosa
519175,Evan Reed
592709,Evan Rutckyj
501870,Everett Teaford
503566,Fabio Castillo
553878,Felipe Vazquez
602928,Felix Jorge
622864,Fernando Romero
506747,Francisco Pena
477557,Francisco Rodriguez
499107,Francisley Bueno
571057,Frank Garces
497807,Frank Herrmann
593423,Frankie Montas
642584,Franklyn Kilome
430686,Freddy Guzman
642547,Freddy Peralta
602115,Gabby Guerrero
622382,Gabriel Moya
650434,Gabriel Ovalle
615868,Gerardo Concepcion
639373,Gerson Bautista
642575,Gerson Moreno
547912,Gift Ngoepe
444041,Gil Velazquez
543803,Giovanni Soto
606149,Giovanny Gallegos
642098,Glenn Sparkman
543204,Grayson Garvin
606988,Grayson Greiner
595885,Greg Bird
657670,Greg Mahle
500872,Gregory Infante
642397,Gregory Soto
605317,Guido Knudson
457517,Guilder Rodriguez
425565,Guillermo Quiroz
534576,Gus Schlosser
573349,Hak-Ju Lee
593643,Hanser Alberto
623912,Harold Ramirez
664056,Harrison Bader
641571,Heath Fillmyer
467143,Hector Gomez
584171,Hector Velazquez
469159,Henry Alberto Rodriguez
514719,Henry Alejandro Rodriguez
454975,Hernan Iribarren
572744,Hiram Burgos
571948,Hoby Milner
543017,Hunter Cervenka
621056,Hunter Wood
547957,Hyun-soo Kim
624420,Ian Clarkin
571687,Ian Gardeck
571871,Ian Krol
622210,Ian Parmley
621962,Ian Thomas
545121,Ildemaro Vargas
643396,Isiah Kiner-Falefa
605525,J.B. Wendelken
605204,J.D. Davis
543242,J.R. Graham
605240,Jace Fry
605333,Jack Leathersich
595373,Jack Reinheimer
623451,Jackson Stephens
519425,Jackson Williams
595238,Jacob Hannemann
605338,Jacob Lindgren
594576,Jacob May
642008,Jacob Rhame
607732,Jacob Stallings
642545,Jaime Barria
621289,Jaime Schultz
446003,Jairo Asencio
607951,Jairo Labourt
502010,Jake Brigham
594772,Jake Buchanan
572827,Jake Dunning
605222,Jake Esch
572876,Jake Goebbert
657228,Jake Jewell
596001,Jakob Junis
607727,Jake Smith
656222,Jalen Beeks
503437,James Beresford
571982,James Needy
607256,James Ramsey
621094,Jamie Callahan
457449,Jamie Romak
594311,Jandel Gustave
606424,Jarlin Garcia
459439,Jarrett Grube
460072,Jason Berken
592329,Jason Garcia
543261,Jason Gurka
592422,Jason Hursh
407835,Jason Lane
605528,Jason Wheeler
642770,Javier Guerra
543351,Jay Jackson
488776,Jaye Chapman
593969,Jayson Aquino
605152,Jed Bradley
594815,Jeff Ferrell
571862,Jeff Kobernus
453249,Jeff Manship
502368,Jeff Walters
622446,Jefry Rodriguez
627500,Jen-Ho Tseng
435181,Jeremy Hermida
489096,Jeremy McBryde
543079,Jermaine Curtis
592279,Jesen Therrien
621044,Jesmuel Valentin
592145,Jesse Biddle
612792,Jesus Castillo
622338,Jesus Liranzo
660875,Jesus Reyes
622786,Jesus Tinoco
501697,Jhan Marinez
500207,Jhonatan Solano
451192,Jim Adduci
622772,Jimmy Cordero
642231,Jimmy Yacabonis
593340,Joan Gregorio
346847,Joe Beimel
607352,Joe Biagini
641646,Joe Gunkel
573009,Joe Mantiply
458155,Joe Martinez
517451,Joe Ortiz
643478,Joe Palumbo
519110,Joe Paterson
456045,Joe Savery
503444,Joel De La Cruz
570257,Joely Rodriguez
519345,Joey Terdoslavich
657524,John Bormann
607405,John Cornely
595928,John Curtiss
607231,John Gant
518713,John Gast
458720,John Holdzkom
460055,John Mayberry Jr.
571974,John Ryan Murphy
592127,Johnny Barbato
518782,Johnny Hellweg
476192,Johnny Monell
457456,Jo-Jo Reyes
457754,Jon Edwards
621209,Jon Moscot
452293,Jonathan Albaladejo
608167,Jonathan Aro
502409,Jonathan Diaz
642546,Jonathan Hernandez
656547,Jonathan Holder
642528,Jonathan Loaisiga
488740,Jordan Brown
543357,Jordan Jankowski
656669,Jordan Luplow
641872,Jordan Milbrath
641958,Jordan Patterson
407822,Jorge De La Rosa
501529,Jorge De Leon
605347,Jorge Lopez
504083,Jorge Rondon
621237,Jose Alvarado
620454,Jose Castillo
542585,Jose Cisnero
473265,Jose De La Torre
517059,Jose De Paula
523848,Jose Dominguez
656661,Jose Lopez
592530,Jose Marmolejos
621089,Jose Mesa
620445,Jose Mujica
514639,Jose Ortega
602922,Jose Rondon
542231,Jose Rosario
614179,Jose Ruiz
642350,Jose Siri
650810,Jose Taveras
624431,Jose Trevino
572308,Jose Valdez
571572,Joseph Colon
572998,Josh Lucas
518961,Josh Lueke
607294,Josh Martin
592612,Josh Osich
502158,Josh Roenicke
595001,Josh Smith
543805,Josh Spence
642165,Josh VanMeter
425543,Josh Wilson
473646,Josh Zeid
434663,Juan Carlos Oviedo
518542,Juan Centeno
544269,Juan Duran
492802,Juan Graterol
434641,Juan Gutierrez
462089,Juan Jaime
543633,Juan Perez
642759,Julian Fernandez
657240,Julian Merryweather
573650,Julio Morban
578570,Juniel Querecuto
656501,Junior Harding
451629,Justin Christian
543178,Justin Freeman
430683,Justin Germano
595234,Justin Haley
476123,Justin Marks
592604,Justin O'Conner
451088,Justin Sellers
642211,Justin Williams
572751,Keith Butler
594857,Keith Hessler
571633,Kelly Dugan
642721,Kelvin Gutierrez
517629,Kelvin Marte
594977,Ken Roberts
572309,Kendry Flores
547887,Kensuke Tanaka
622492,Keury Mella
502087,Kevin Chapman
640737,Kevin Gadea
543503,Kevin Mattison
641838,Kevin McCarthy
641850,Kevin McGowan
576409,Kevin Munson
460128,Kevin Whelan
572102,Keyvius Sampson
425542,Koyie Hill
453241,Kris Johnson
641490,Kyle Crockett
571657,Kyle Farmer
543309,Kyle Higashioka
571812,Kyle Jensen
643414,Kyle Lloyd
573016,Kyle Martin
657681,Kyle McGrath
594986,Kyle Ryan
592835,Kyle Waldrop
643550,Layne Somsen
516684,Lendy Castillo
599998,Leonel Campos
626929,Lewis Thorpe
570810,Lisalverto Bonilla
592244,Logan Darnell
434137,Logan Kensing
543894,Logan Watkins
642152,Lou Trivino
608371,Lucas Sims
642772,Luis Alexander Basabe
543071,Luis Cruz
650813,Luis Escobar
641645,Luis Guillorme
455921,Luis Jimenez
608601,Luis Santos
644443,Luis Ysla
450192,Luke Carlin
608652,Luke Farrell
592426,Luke Jackson
452215,Luke Montz
446367,Luke Putkonen
572283,Madison Younginer
642423,Magneuris Sierra
407924,Manny Acosta
544365,Manny Banuelos
466918,Manny Corpas
571868,Marc Krauss
593523,Marco Hernandez
650959,Marcos Diplan
456496,Marcos Mateo
622506,Marcos Molina
502281,Marcus Hatley
571786,Mario Hollands
657145,Mark Zagunis
608691,Mason Melotakis
501936,Matt Buschmann
571539,Matt Carasiti
454998,Matt Carson
518558,Matt Clark
457935,Matt Daley
571616,Matt Dermody
594840,Matt Grace
518755,Matt Hague
571863,Matt Koch
543426,Matt Langwell
543483,Matt Magill
476011,Matt Maloney
621408,Matt Marksberry
431166,Matt Pagnozzi
461212,Matt Palmer
545357,Matt Purke
543677,Matt Ramsey
605474,Matt Skole
592781,Matt Stites
595441,Matt Tracy
449168,Matt Tuiasosopo
519411,Matt West
605538,Matt Wisler
621381,Matthew Strahm
500909,Mauricio Robles
605428,Max Povse
515052,Mayckol Guaipe
650619,Meibrys Viloria
542235,Melvin Mercedes
642571,Merandy Gonzalez
518468,Michael Blazek
572728,Michael Brady
641684,Michael Hermosillo
543409,Michael Kohn
592527,Michael Mariot
607706,Michael Roth
446345,Michael Taylor
543859,Michael Tonkin
573589,Michael Ynoa
650520,Micker Adolfo
646057,Miguel Alfredo Gonzalez
602083,Miguel Almonte
609280,Miguel Andujar
600887,Miguel Del Pozo
622766,Miguel Diaz
622497,Miguel Gomez
544838,Miguel Gonzalez
462515,Miguel Socolovich
506988,Mike Belfiore
458678,Mike Broadway
455091,Mike Ekstrom
430917,Mike Fontenot
502273,Mike Freeman
595222,Mike Gerber
623434,Mike Hauschild
592464,Mike Kickham
213680,Mike MacDougal
605357,Mike Marjama
594577,Mike Mayers
623166,Mike Miller
573046,Mike Morin
572000,Mike Ohlman
572175,Mike Strong
643565,Mike Tauchman
489448,Mike Zagurski
518771,Mitch Harris
572080,Montreal Robertson
594867,Myles Jaye
502264,Nate Adcock
474384,Nate Freiman
642091,Nate Smith
460621,Nate Spears
501992,Nathan Karns
596331,Nefi Ogando
519304,Neftali Soto
474599,Neil Wagner
641482,Nestor Cortes
502213,Nevin Ashley
595897,Nick Burdi
502544,Nick Buss
543023,Nick Christiani
452783,Nick Evans
643320,Nick Gardewine
572889,Nick Greenwood
592468,Nick Kingham
595297,Nick Lee
519082,Nick Noonan
592705,Nick Rumbelow
621072,Nick Travieso
607374,Nick Tropeano
621295,Nick Wittgren
547170,Nicky Delmonico
543867,Nik Turley
592348,Niko Goodrum
598287,Noe Ramirez
571595,Noel Cuevas
545337,Nolan Fontana
607297,O'Koyea Dickson
435408,Omir Santos
607162,Onelki Garcia
593525,Orlando Calixte
642601,Oscar De La Cruz
591712,Oscar Hernandez
640458,Oscar Mercado
615703,Owen Spiwak
645277,Ozzie Albies
641154,Pablo Lopez
502179,Paolo Espino
534737,Pat Dean
572990,Pat Light
519003,Pat McCoy
519381,Pat Venditte
572119,Patrick Schuster
643316,Paul Fry
606478,Pedro Araujo
474039,Pedro Beato
517060,Pedro Hernandez
543881,Pedro Villarreal
592330,Perci Garner
572947,Phil Irwin
607309,Phil Klein
640447,Phillip Ervin
595943,Phillip Evans
572955,Pierce Johnson
502011,Preston Claiborne
543258,Preston Guilmet
571439,R.J. Alvarez
467785,Radhames Liz
622441,Rafael Bautista
503569,Rafael Dolis
607257,Rafael Lopez
514669,Rafael Martin
460370,Rafael Perez
501255,Rafael Ynoa
541608,Ramon Cabrera
657656,Ramon Laureano
593527,Ramon Torres
470462,Ramon Troncoso
600968,Randy Rosario
592660,Rangel Ravelo
624133,Ranger Suarez
612272,Raudel Lazo
600466,Raudy Read
593417,Raul Alcantara
605143,Ray Black
408232,Ray Olmedo
543234,Rayan Gonzalez
572017,Red Patterson
624512,Reese McGuire
600524,Renato Nunez
519071,Rey Navarro
606625,Reyes Moronta
594056,Reymin Guduan
620982,Ricardo Pinto
600965,Ricardo Rodriguez
645307,Ricardo Sanchez
593144,Richard Rodriguez
620446,Richard Urena
592596,Rico Noel
519169,Rob Rasmussen
543746,Rob Scahill
574847,Rob Segedin
547007,Rob Whalen
543942,Rob Wooten
642239,Rob Zastryzny
543726,Robbie Ross Jr.
582494,Robby Scott
596816,Roberto  Gomez
502570,Rocky Gale
523261,Roger Kieschnick
430638,Roman Colon
542669,Roman Mendez
608597,Ronald Guzman
622703,Ronald Herrera
606959,Rookie Davis
594011,Rosell Herrera
456027,Ross Ohlendorf
448693,Ross Wolf
592858,Rowan Wick
523989,Rubby De La Rosa
502168,Rudy Owens
621366,Ryan Borucki
518489,Ryan Brasier
592166,Ryan Brett
641477,Ryan Cordell
572810,Ryan Dennick
456387,Ryan Feierabend
623439,Ryan Garton
670394,Ryan Gold
502462,Ryan Kelly
534606,Ryan LaMarre
489067,Ryan Lollis
641857,Ryan McMahon
607320,Ryan Merritt
594951,Ryan O'Rourke
543634,Ryan Perry
474256,Ryan Reid
595411,Ryan Sherriff
595005,Ryan Strausborger
489400,Ryan Verdugo
543901,Ryan Weber
607560,Ryne Harper
592773,Ryne Stanek
451585,Sam Demel
607572,Sam Howard
594580,Sam Moll
592815,Sam Tuivailala
642279,Samir Duenez
622783,Sandy Baez
466459,Sandy Rosario
605130,Scott Barlow
453222,Scott Carroll
571577,Scott Copeland
543518,Scott McGough
623184,Scott Oberg
446488,Scott Rice
607087,Scott Snodgress
592231,Sean Coyle
543219,Sean Gilmartin
488936,Sean Halton
457711,Sean O'Sullivan
622554,Seranthony Dominguez
642727,Sergio Alcantara
571676,Seth Frankoff
519229,Seth Rosin
641438,Shane Carle
400076,Shane Loux
542888,Shawn Armstrong
643418,Shed Long
501563,Simon Castro
571761,Slade Heathcott
571851,Spencer Kieboom
607359,Spencer Patton
592233,Stefan Crichton
621283,Stephen Johnson
571441,Steve Ames
571467,Steve Baron
453580,Steve Edlefsen
643355,Steve Hathaway
592731,Steve Selsky
519330,Steve Susdorf
452722,Steven Lerud
516935,Stolmy Pimentel
642156,Stuart Turner
516970,Sugar Ray Marimon
519008,T.J. McFarland
656945,Tanner Scott
518566,Taylor Cole
543089,Taylor Davis
605214,Taylor Dugas
592398,Taylor Hill
592506,Taylor Lindsey
543853,Taylor Thompson
592865,Taylor Williams
594027,Tayron Guerrero
519403,Thad Weber
642731,Thairo Estrada
474494,Thomas Field
623381,Thomas Pannone
600986,Thyago Vieira
572718,Tim Berry
657612,Tim Hill
641796,Tim Locastro
641835,Tim Mayza
543532,Tim Melville
543334,TJ House
434298,Todd Coffey
621512,Tomas Nido
459415,Tommy Hottovy
518927,Tommy Layne
501817,Tony Barnette
448242,Tony Gwynn Jr.
643393,Tony Kemp
573113,Tony Renda
538506,Toru Murata
459941,Travis Buck
607369,Travis Taijeron
502023,Travis Tartamella
457707,Trevor Bell
641587,Trevor Frank
641627,Trevor Gott
656805,Trevor Oaks
543270,Trey Haley
644428,Troy Scribner
621142,Ty Buttrey
641341,Tyler Bashlor
641501,Tyler Danish
488917,Tyler Graham
600355,Tyler Herb
534627,Tyler Holt
641755,Tyler Kinley
621397,Tyler Olson
543652,Tyler Pill
642094,Tyler Smith
573188,Tyler Sturdevant
621281,Tyler Wagner
643778,Tyler Webb
592869,Tyler Wilson
592433,Tyrell Jenkins
445204,Tyson Brummett
624407,Tzu-Wei Lin
553883,Vicente Campos
622505,Victor Alcantara
644364,Victor Arano
605170,Victor Caratini
622682,Victor Reyes
476570,Vin Mazzaro
572714,Vince Belnome
621141,Walker Lockett
593833,Wander Suero
623913,Wei-Chung Wang
517448,Wilfredo Boscan
457133,Wilkin Ramirez
516853,Wilking Rodriguez
605342,Will Locante
349193,Will Ohman
650489,Willi Castro
571035,William Cuevas
605301,Williams Jerez
407483,Willie Harris
610141,Wuilmer Becerra
592144,Wynton Bernard
489305,Xavier Scruggs
605441,Yacksel Rios
592680,Yadiel Rivera
666888,Yaisel Sierra
622524,Yankory Pimentel
606162,Yefry Ramirez
570639,Yefri Perez
622075,Yency Almonte
553872,Yhonathan Barrios
456071,Yohan Flande
464416,Yohan Pino
602074,Yonathan Daza
600915,Yorman Landa
550298,Yorman Rodriguez
506648,Yoslan Herrera
644374,Yu-Cheng Chang
493337,Yunesky Maya
657205,Zac Curtis
643617,Zac Reininger
573127,Zac Rosscup
503483,Zach Clark
605200,Zach Davies
643335,Zach Granite
621106,Zach Jemiola
545346,Zach Lee
623183,Zach Lovvorn
435261,Zach Miner
594943,Zach Neal
452061,Zach Phillips
543819,Zach Stewart
572227,Zach Vincej
572958,Zack Jones
641793,Zack Littell
592848,Zack Weiss
543809,Zeke Spruill
519412,Zelous Wheeler
641778,Eric Lauer
643256,Adam Cimber
663855,Jordan Hicks
605446,Dereck Rodriguez
461829,Joey Lucchesi
669456,Shane Bieber
670950,Trevor Richards
641154,Pablo Lopez
664058,David Fletcher
614177,Franmil Reyes
664028,Brett Kennedy
500135,Ronny Rodriguez
608654,Johnny Field
656798,Jacob Nix
